location,translation
WILLOW.PAK\WILLOW.EMC,
WILLOW.PAK\WILLOW.EMC,העץ הזה בריא מכדי לחטוב אותו.
WILLOW.PAK\WILLOW.EMC,עשיתי אחלה עבודה.
WILLOW.PAK\WILLOW.EMC,אולי אני צריך להיות מנתח עצים.
WILLOW.PAK\WILLOW.EMC,עץ משגשג.
WILLOW.PAK\WILLOW.EMC,
WILLOW.PAK\WILLOW.EMC,וואו!
WILLOW.PAK\WILLOW.EMC,ריפאתי את עץ הערבה!
WILLOW.PAK\WILLOW.EMC,"זה היה מדהים, ברנדון!"
WILLOW.PAK\WILLOW.EMC,רוצה לשחק?
WILLOW.PAK\WILLOW.EMC,אראה לך את הגולה שמצאתי.
WILLOW.PAK\WILLOW.EMC,
WILLOW.PAK\WILLOW.EMC,
WILLOW.PAK\WILLOW.EMC,
GENHALL.PAK\GENHALL.EMC,
GENHALL.PAK\GENHALL.EMC,
GENHALL.PAK\GENHALL.EMC,
GENHALL.PAK\GENHALL.EMC,"זה בסדר, הרמן, אתה יכול לשמור אותו."
GENHALL.PAK\GENHALL.EMC,אבל השחזת אותו בשבילך!
GENHALL.PAK\GENHALL.EMC,
GENHALL.PAK\GENHALL.EMC,"מנסר בולי עץ, מה הרמן?"
GENHALL.PAK\GENHALL.EMC,הוא לא יניח למסור.
GENHALL.PAK\GENHALL.EMC,
SPELL.PAK\SPELL.EMC,
SPELL.PAK\SPELL.EMC,
SPELL.PAK\SPELL.EMC,
SPELL.PAK\SPELL.EMC,טוב.
SPELL.PAK\SPELL.EMC,המגילה ברשותך.
SPELL.PAK\SPELL.EMC,כעת תחפש אחר כלי נוסף.
SPELL.PAK\SPELL.EMC,כלי נוסף?
SPELL.PAK\SPELL.EMC,
SPELL.PAK\SPELL.EMC,
SPELL.PAK\SPELL.EMC,
SPELL.PAK\SPELL.EMC,
SPELL.PAK\SPELL.EMC,
SPELL.PAK\SPELL.EMC,
SPELL.PAK\SPELL.EMC,
SPELL.PAK\SPELL.EMC,
SPELL.PAK\SPELL.EMC,
SPELL.PAK\SPELL.EMC,
SPELL.PAK\SPELL.EMC,
SPELL.PAK\SPELL.EMC,
SPELL.PAK\SPELL.EMC,
SPELL.PAK\SPELL.EMC,
SPELL.PAK\SPELL.EMC,
SPELL.PAK\SPELL.EMC,
SPELL.PAK\SPELL.EMC,
SPELL.PAK\SPELL.EMC,
SPELL.PAK\SPELL.EMC,
SPELL.PAK\SPELL.EMC,
SPELL.PAK\SPELL.EMC,
SPELL.PAK\SPELL.EMC,
SPELL.PAK\SPELL.EMC,
SPELL.PAK\SPELL.EMC,"מצוין, ברנדון..."
SPELL.PAK\SPELL.EMC,
SPELL.PAK\SPELL.EMC,
SPELL.PAK\SPELL.EMC,
SPELL.PAK\SPELL.EMC,
SPELL.PAK\SPELL.EMC,
SPELL.PAK\SPELL.EMC,
SPELL.PAK\SPELL.EMC,
SPELL.PAK\SPELL.EMC,
SPELL.PAK\SPELL.EMC,
SPELL.PAK\SPELL.EMC,
SPELL.PAK\SPELL.EMC,
SPELL.PAK\SPELL.EMC,
SPELL.PAK\SPELL.EMC,
SPELL.PAK\SPELL.EMC,
SPELL.PAK\SPELL.EMC,
SPELL.PAK\SPELL.EMC,
SPELL.PAK\SPELL.EMC,
SPELL.PAK\SPELL.EMC,
SPELL.PAK\SPELL.EMC,
SPELL.PAK\SPELL.EMC,
SPELL.PAK\SPELL.EMC,
SPELL.PAK\SPELL.EMC,
SPELL.PAK\SPELL.EMC,
SPELL.PAK\SPELL.EMC,
SPELL.PAK\SPELL.EMC,
SPELL.PAK\SPELL.EMC,
SPELL.PAK\SPELL.EMC,
SPELL.PAK\SPELL.EMC,אני צריך קולמוס.
SPELL.PAK\SPELL.EMC,מה?
SPELL.PAK\SPELL.EMC,היה לו מחסום כתיבה במשך שנים.
SPELL.PAK\SPELL.EMC,אולי המשבר נתן לו השראה.
SPELL.PAK\SPELL.EMC,
SPELL.PAK\SPELL.EMC,
SPELL.PAK\SPELL.EMC,
SPELL.PAK\SPELL.EMC,
SPELL.PAK\SPELL.EMC,
SPELL.PAK\SPELL.EMC,
SPELL.PAK\SPELL.EMC,
SPELL.PAK\SPELL.EMC,
SPELL.PAK\SPELL.EMC,
SPELL.PAK\SPELL.EMC,
SPELL.PAK\SPELL.EMC,
SPELL.PAK\SPELL.EMC,
SPELL.PAK\SPELL.EMC,
SPELL.PAK\SPELL.EMC,
SPELL.PAK\SPELL.EMC,
SPELL.PAK\SPELL.EMC,
SPELL.PAK\SPELL.EMC,
SPELL.PAK\SPELL.EMC,
SPELL.PAK\SPELL.EMC,
SPELL.PAK\SPELL.EMC,
SPELL.PAK\SPELL.EMC,
SPELL.PAK\SPELL.EMC,
SPELL.PAK\SPELL.EMC,
SPELL.PAK\SPELL.EMC,
SPELL.PAK\SPELL.EMC,
SPELL.PAK\SPELL.EMC,
SPELL.PAK\SPELL.EMC,
SPELL.PAK\SPELL.EMC,
SPELL.PAK\SPELL.EMC,
SPELL.PAK\SPELL.EMC,
SPELL.PAK\SPELL.EMC,
SPELL.PAK\SPELL.EMC,
SPELL.PAK\SPELL.EMC,
SPELL.PAK\SPELL.EMC,
SPELL.PAK\SPELL.EMC,
FGOWEST.PAK\FGOWEST.EMC,
FGOWEST.PAK\FGOWEST.EMC,
NCLIFFB.PAK\NCLIFFB.EMC,
NCLIFFB.PAK\NCLIFFB.EMC,
EXTPOT.PAK\EXTPOT.EMC,
EXTPOT.PAK\EXTPOT.EMC,
EXTPOT.PAK\EXTPOT.EMC,
EXTPOT.PAK\EXTPOT.EMC,לא!
EXTPOT.PAK\EXTPOT.EMC,
EXTPOT.PAK\EXTPOT.EMC,
EXTPOT.PAK\EXTPOT.EMC,נסיך?
PLATEAU.PAK\PLATEAU.EMC,
PLATEAU.PAK\PLATEAU.EMC,
GEM.PAK\GEM.EMC,
GEM.PAK\GEM.EMC,
GEM.PAK\GEM.EMC,"חה, נראה את החולדים האלה מנסים להגיע לפרחים שלי עכשיו."
GEM.PAK\GEM.EMC,ארגז החול הישן שלי נהדר בתור אדנית.
GEM.PAK\GEM.EMC,לפחות אני לא צריך לנקות את החלונות היום.
GEM.PAK\GEM.EMC,שלט גדול וחביב...
GEM.PAK\GEM.EMC,...אבל אולי היינו צריכים להשתמש בקרשים כדי לבנות דלת כניסה.
GEM.PAK\GEM.EMC,אני אשאיר את זה דולק.
GEM.PAK\GEM.EMC,לא נראה לי שהעשים יציקו לו עכשיו.
GEM.PAK\GEM.EMC,מחוץ לביתו של ברנדון
GEM.PAK\GEM.EMC,
NWCLIFB.PAK\NWCLIFB.EMC,
NWCLIFB.PAK\NWCLIFB.EMC,
NWCLIFB.PAK\NWCLIFB.EMC,איזה נוף!
DRAGON.PAK\DRAGON.EMC,
DRAGON.PAK\DRAGON.EMC,
DRAGON.PAK\DRAGON.EMC,
DRAGON.PAK\DRAGON.EMC,
DRAGON.PAK\DRAGON.EMC,
DRAGON.PAK\DRAGON.EMC,
DRAGON.PAK\DRAGON.EMC,
DRAGON.PAK\DRAGON.EMC,
DRAGON.PAK\DRAGON.EMC,
DRAGON.PAK\DRAGON.EMC,
DRAGON.PAK\DRAGON.EMC,
DRAGON.PAK\DRAGON.EMC,
DRAGON.PAK\DRAGON.EMC,
DRAGON.PAK\DRAGON.EMC,
DRAGON.PAK\DRAGON.EMC,
DRAGON.PAK\DRAGON.EMC,
DRAGON.PAK\DRAGON.EMC,
DRAGON.PAK\DRAGON.EMC,
DRAGON.PAK\DRAGON.EMC,
DRAGON.PAK\DRAGON.EMC,
DRAGON.PAK\DRAGON.EMC,
DRAGON.PAK\DRAGON.EMC,
DRAGON.PAK\DRAGON.EMC,
DRAGON.PAK\DRAGON.EMC,
DRAGON.PAK\DRAGON.EMC,
DRAGON.PAK\DRAGON.EMC,
DRAGON.PAK\DRAGON.EMC,
DRAGON.PAK\DRAGON.EMC,
DRAGON.PAK\DRAGON.EMC,
DRAGON.PAK\DRAGON.EMC,
DRAGON.PAK\DRAGON.EMC,
DRAGON.PAK\DRAGON.EMC,
DRAGON.PAK\DRAGON.EMC,
DRAGON.PAK\DRAGON.EMC,
DRAGON.PAK\DRAGON.EMC,
SONG.PAK\SONG.EMC,
SONG.PAK\SONG.EMC,
SONG.PAK\SONG.EMC,
SONG.PAK\SONG.EMC,
SONG.PAK\SONG.EMC,
SONG.PAK\SONG.EMC,
SONG.PAK\SONG.EMC,
SONG.PAK\SONG.EMC,
SONG.PAK\SONG.EMC,
SONG.PAK\SONG.EMC,
SONG.PAK\SONG.EMC,
SONG.PAK\SONG.EMC,
SONG.PAK\SONG.EMC,
SONG.PAK\SONG.EMC,
SONG.PAK\SONG.EMC,
FORESTC.PAK\FORESTC.EMC,
FORESTC.PAK\FORESTC.EMC,
POTION.PAK\POTION.EMC,
POTION.PAK\POTION.EMC,
POTION.PAK\POTION.EMC,
POTION.PAK\POTION.EMC,
POTION.PAK\POTION.EMC,
POTION.PAK\POTION.EMC,
POTION.PAK\POTION.EMC,
POTION.PAK\POTION.EMC,
POTION.PAK\POTION.EMC,
POTION.PAK\POTION.EMC,
POTION.PAK\POTION.EMC,
POTION.PAK\POTION.EMC,
POTION.PAK\POTION.EMC,
POTION.PAK\POTION.EMC,
POTION.PAK\POTION.EMC,
POTION.PAK\POTION.EMC,
POTION.PAK\POTION.EMC,
POTION.PAK\POTION.EMC,
POTION.PAK\POTION.EMC,
POTION.PAK\POTION.EMC,
POTION.PAK\POTION.EMC,
POTION.PAK\POTION.EMC,
POTION.PAK\POTION.EMC,
POTION.PAK\POTION.EMC,
POTION.PAK\POTION.EMC,
POTION.PAK\POTION.EMC,
POTION.PAK\POTION.EMC,
POTION.PAK\POTION.EMC,
POTION.PAK\POTION.EMC,
POTION.PAK\POTION.EMC,
POTION.PAK\POTION.EMC,
POTION.PAK\POTION.EMC,
POTION.PAK\POTION.EMC,
POTION.PAK\POTION.EMC,
POTION.PAK\POTION.EMC,
POTION.PAK\POTION.EMC,
POTION.PAK\POTION.EMC,
POTION.PAK\POTION.EMC,
POTION.PAK\POTION.EMC,
POTION.PAK\POTION.EMC,
POTION.PAK\POTION.EMC,
POTION.PAK\POTION.EMC,
POTION.PAK\POTION.EMC,
POTION.PAK\POTION.EMC,
POTION.PAK\POTION.EMC,
POTION.PAK\POTION.EMC,
POTION.PAK\POTION.EMC,
POTION.PAK\POTION.EMC,
POTION.PAK\POTION.EMC,
POTION.PAK\POTION.EMC,
POTION.PAK\POTION.EMC,
POTION.PAK\POTION.EMC,
POTION.PAK\POTION.EMC,
POTION.PAK\POTION.EMC,
POTION.PAK\POTION.EMC,
POTION.PAK\POTION.EMC,
POTION.PAK\POTION.EMC,
POTION.PAK\POTION.EMC,
POTION.PAK\POTION.EMC,
POTION.PAK\POTION.EMC,
POTION.PAK\POTION.EMC,
POTION.PAK\POTION.EMC,
POTION.PAK\POTION.EMC,
POTION.PAK\POTION.EMC,
POTION.PAK\POTION.EMC,
POTION.PAK\POTION.EMC,
POTION.PAK\POTION.EMC,
POTION.PAK\POTION.EMC,
POTION.PAK\POTION.EMC,
POTION.PAK\POTION.EMC,
POTION.PAK\POTION.EMC,
POTION.PAK\POTION.EMC,מה עליי לעשות?
POTION.PAK\POTION.EMC,הבה נרקח שיקוי.
POTION.PAK\POTION.EMC,
POTION.PAK\POTION.EMC,
POTION.PAK\POTION.EMC,
POTION.PAK\POTION.EMC,
POTION.PAK\POTION.EMC,
POTION.PAK\POTION.EMC,
POTION.PAK\POTION.EMC,
POTION.PAK\POTION.EMC,
POTION.PAK\POTION.EMC,
POTION.PAK\POTION.EMC,
POTION.PAK\POTION.EMC,
POTION.PAK\POTION.EMC,
POTION.PAK\POTION.EMC,היי!
POTION.PAK\POTION.EMC,
POTION.PAK\POTION.EMC,
POTION.PAK\POTION.EMC,
POTION.PAK\POTION.EMC,
POTION.PAK\POTION.EMC,
POTION.PAK\POTION.EMC,
POTION.PAK\POTION.EMC,
POTION.PAK\POTION.EMC,
POTION.PAK\POTION.EMC,
POTION.PAK\POTION.EMC,
POTION.PAK\POTION.EMC,
POTION.PAK\POTION.EMC,
POTION.PAK\POTION.EMC,
POTION.PAK\POTION.EMC,
POTION.PAK\POTION.EMC,
PLTCAVE.PAK\PLTCAVE.EMC,
PLTCAVE.PAK\PLTCAVE.EMC,
SPRING.PAK\SPRING.EMC,
SPRING.PAK\SPRING.EMC,
SPRING.PAK\SPRING.EMC,
SPRING.PAK\SPRING.EMC,
SPRING.PAK\SPRING.EMC,
SPRING.PAK\SPRING.EMC,
SPRING.PAK\SPRING.EMC,
SPRING.PAK\SPRING.EMC,
SPRING.PAK\SPRING.EMC,
SPRING.PAK\SPRING.EMC,
SPRING.PAK\SPRING.EMC,
SPRING.PAK\SPRING.EMC,
SPRING.PAK\SPRING.EMC,
CLIFF.PAK\CLIFF.EMC,
CLIFF.PAK\CLIFF.EMC,צוק דרומי
EXTHEAL.PAK\EXTHEAL.EMC,
EXTHEAL.PAK\EXTHEAL.EMC,החלון הזה מרהיב ביופיו בלילה כשנרות המקדש דולקים.
EXTHEAL.PAK\EXTHEAL.EMC,זו בוודאי אמה של ברין.
EXTHEAL.PAK\EXTHEAL.EMC,מקדש קירנדיה
EXTHEAL.PAK\EXTHEAL.EMC,היא רוצה שאביא פרחים?!
EXTHEAL.PAK\EXTHEAL.EMC,
EXTHEAL.PAK\EXTHEAL.EMC,
NWCLIFF.PAK\NWCLIFF.EMC,
NWCLIFF.PAK\NWCLIFF.EMC,צוק גבוה
SICKWIL.PAK\SICKWIL.EMC,
SICKWIL.PAK\SICKWIL.EMC,
SICKWIL.PAK\SICKWIL.EMC,מה זה? גומה גדולה?
SICKWIL.PAK\SICKWIL.EMC,היי!
SICKWIL.PAK\SICKWIL.EMC,
SICKWIL.PAK\SICKWIL.EMC,
SICKWIL.PAK\SICKWIL.EMC,אוך!
SICKWIL.PAK\SICKWIL.EMC,אפילו הגזע הרקיב.
SICKWIL.PAK\SICKWIL.EMC,"בחיי, הערבה הזו צריכה סיוע."
SICKWIL.PAK\SICKWIL.EMC,עץ מרקיב
SICKWIL.PAK\SICKWIL.EMC,מה קרה כאן?
SICKWIL.PAK\SICKWIL.EMC,הערבה הזו נראית חצי מתה!
SICKWIL.PAK\SICKWIL.EMC,אני תוהה אם מלקולם גרם לעץ הזה לחלות?
SICKWIL.PAK\SICKWIL.EMC,"איכס,  נוטף משם משהו דביק."
DARMS.PAK\DARMS.EMC,
DARMS.PAK\DARMS.EMC,
DARMS.PAK\DARMS.EMC,
DARMS.PAK\DARMS.EMC,
DARMS.PAK\DARMS.EMC,
DARMS.PAK\DARMS.EMC,
DARMS.PAK\DARMS.EMC,
DARMS.PAK\DARMS.EMC,
DARMS.PAK\DARMS.EMC,
DARMS.PAK\DARMS.EMC,
DARMS.PAK\DARMS.EMC,
DARMS.PAK\DARMS.EMC,
XEDGEC.PAK\XEDGEC.EMC,
XEDGEC.PAK\XEDGEC.EMC,
BROKEN.PAK\BROKEN.EMC,
BROKEN.PAK\BROKEN.EMC,
BROKEN.PAK\BROKEN.EMC,
BROKEN.PAK\BROKEN.EMC,
BROKEN.PAK\BROKEN.EMC,
BROKEN.PAK\BROKEN.EMC,
BROKEN.PAK\BROKEN.EMC,
BROKEN.PAK\BROKEN.EMC,
BROKEN.PAK\BROKEN.EMC,
BROKEN.PAK\BROKEN.EMC,
BROKEN.PAK\BROKEN.EMC,
BROKEN.PAK\BROKEN.EMC,
BROKEN.PAK\BROKEN.EMC,
BROKEN.PAK\BROKEN.EMC,
BROKEN.PAK\BROKEN.EMC,
BROKEN.PAK\BROKEN.EMC,
BROKEN.PAK\BROKEN.EMC,
BROKEN.PAK\BROKEN.EMC,
BROKEN.PAK\BROKEN.EMC,
BROKEN.PAK\BROKEN.EMC,
BROKEN.PAK\BROKEN.EMC,
BROKEN.PAK\BROKEN.EMC,
BROKEN.PAK\BROKEN.EMC,
BROKEN.PAK\BROKEN.EMC,
BROKEN.PAK\BROKEN.EMC,
BROKEN.PAK\BROKEN.EMC,
BROKEN.PAK\BROKEN.EMC,
BROKEN.PAK\BROKEN.EMC,
BROKEN.PAK\BROKEN.EMC,
BROKEN.PAK\BROKEN.EMC,
BROKEN.PAK\BROKEN.EMC,
BROKEN.PAK\BROKEN.EMC,
BROKEN.PAK\BROKEN.EMC,
BROKEN.PAK\BROKEN.EMC,
BROKEN.PAK\BROKEN.EMC,
BROKEN.PAK\BROKEN.EMC,
BROKEN.PAK\BROKEN.EMC,
BROKEN.PAK\BROKEN.EMC,
BROKEN.PAK\BROKEN.EMC,
BROKEN.PAK\BROKEN.EMC,
BROKEN.PAK\BROKEN.EMC,
BROKEN.PAK\BROKEN.EMC,
BROKEN.PAK\BROKEN.EMC,
BROKEN.PAK\BROKEN.EMC,
BROKEN.PAK\BROKEN.EMC,
BROKEN.PAK\BROKEN.EMC,
BROKEN.PAK\BROKEN.EMC,
BROKEN.PAK\BROKEN.EMC,
BROKEN.PAK\BROKEN.EMC,
BROKEN.PAK\BROKEN.EMC,
BROKEN.PAK\BROKEN.EMC,
BROKEN.PAK\BROKEN.EMC,
BROKEN.PAK\BROKEN.EMC,
WISE.PAK\WISE.EMC,
WISE.PAK\WISE.EMC,
WISE.PAK\WISE.EMC,
WISE.PAK\WISE.EMC,
WISE.PAK\WISE.EMC,
WISE.PAK\WISE.EMC,
WISE.PAK\WISE.EMC,
WISE.PAK\WISE.EMC,
WISE.PAK\WISE.EMC,
WISE.PAK\WISE.EMC,
WISE.PAK\WISE.EMC,
WISE.PAK\WISE.EMC,
WISE.PAK\WISE.EMC,
WISE.PAK\WISE.EMC,
WISE.PAK\WISE.EMC,
WISE.PAK\WISE.EMC,
WISE.PAK\WISE.EMC,
WISE.PAK\WISE.EMC,
WISE.PAK\WISE.EMC,
WISE.PAK\WISE.EMC,
WISE.PAK\WISE.EMC,
WISE.PAK\WISE.EMC,
WISE.PAK\WISE.EMC,
WISE.PAK\WISE.EMC,
WISE.PAK\WISE.EMC,
WISE.PAK\WISE.EMC,
WISE.PAK\WISE.EMC,
WISE.PAK\WISE.EMC,
WISE.PAK\WISE.EMC,
WISE.PAK\WISE.EMC,
WISE.PAK\WISE.EMC,
WISE.PAK\WISE.EMC,
WISE.PAK\WISE.EMC,
WISE.PAK\WISE.EMC,
WISE.PAK\WISE.EMC,
WISE.PAK\WISE.EMC,
WISE.PAK\WISE.EMC,
WISE.PAK\WISE.EMC,
TEMPLE.PAK\TEMPLE.EMC,
TEMPLE.PAK\TEMPLE.EMC,
TEMPLE.PAK\TEMPLE.EMC,
TEMPLE.PAK\TEMPLE.EMC,
TEMPLE.PAK\TEMPLE.EMC,
TEMPLE.PAK\TEMPLE.EMC,
TEMPLE.PAK\TEMPLE.EMC,
TEMPLE.PAK\TEMPLE.EMC,
TEMPLE.PAK\TEMPLE.EMC,
TEMPLE.PAK\TEMPLE.EMC,
TEMPLE.PAK\TEMPLE.EMC,
TEMPLE.PAK\TEMPLE.EMC,
TEMPLE.PAK\TEMPLE.EMC,
TEMPLE.PAK\TEMPLE.EMC,
TEMPLE.PAK\TEMPLE.EMC,
TEMPLE.PAK\TEMPLE.EMC,
TEMPLE.PAK\TEMPLE.EMC,
TEMPLE.PAK\TEMPLE.EMC,
TEMPLE.PAK\TEMPLE.EMC,
TEMPLE.PAK\TEMPLE.EMC,
TEMPLE.PAK\TEMPLE.EMC,
TEMPLE.PAK\TEMPLE.EMC,
TEMPLE.PAK\TEMPLE.EMC,
TEMPLE.PAK\TEMPLE.EMC,
TEMPLE.PAK\TEMPLE.EMC,
TEMPLE.PAK\TEMPLE.EMC,
TEMPLE.PAK\TEMPLE.EMC,
TEMPLE.PAK\TEMPLE.EMC,
TEMPLE.PAK\TEMPLE.EMC,
TEMPLE.PAK\TEMPLE.EMC,
TEMPLE.PAK\TEMPLE.EMC,
TEMPLE.PAK\TEMPLE.EMC,
TEMPLE.PAK\TEMPLE.EMC,
TEMPLE.PAK\TEMPLE.EMC,
TEMPLE.PAK\TEMPLE.EMC,
KYRAGEM.PAK\KYRAGEM.EMC,
KYRAGEM.PAK\KYRAGEM.EMC,
KYRAGEM.PAK\KYRAGEM.EMC,
KYRAGEM.PAK\KYRAGEM.EMC,
KYRAGEM.PAK\KYRAGEM.EMC,
NCLIFF.PAK\NCLIFF.EMC,
NCLIFF.PAK\NCLIFF.EMC,
FNORTH.PAK\FNORTH.EMC,
FNORTH.PAK\FNORTH.EMC,
FNORTH.PAK\FNORTH.EMC,
FOUNTN.PAK\FOUNTN.EMC,
FOUNTN.PAK\FOUNTN.EMC,
FOUNTN.PAK\FOUNTN.EMC,
FOUNTN.PAK\FOUNTN.EMC,
FOUNTN.PAK\FOUNTN.EMC,
FOUNTN.PAK\FOUNTN.EMC,
FOUNTN.PAK\FOUNTN.EMC,
FOUNTN.PAK\FOUNTN.EMC,
FOUNTN.PAK\FOUNTN.EMC,
FOUNTN.PAK\FOUNTN.EMC,
FOUNTN.PAK\FOUNTN.EMC,
FOUNTN.PAK\FOUNTN.EMC,
FOUNTN.PAK\FOUNTN.EMC,
FOUNTN.PAK\FOUNTN.EMC,
FOUNTN.PAK\FOUNTN.EMC,
FOUNTN.PAK\FOUNTN.EMC,
FOUNTN.PAK\FOUNTN.EMC,
FOUNTN.PAK\FOUNTN.EMC,
FOUNTN.PAK\FOUNTN.EMC,
FOUNTN.PAK\FOUNTN.EMC,
FOUNTN.PAK\FOUNTN.EMC,
FOUNTN.PAK\FOUNTN.EMC,
FOUNTN.PAK\FOUNTN.EMC,
FOUNTN.PAK\FOUNTN.EMC,
ARCH.PAK\ARCH.EMC,
ARCH.PAK\ARCH.EMC,
ARCH.PAK\ARCH.EMC,
ARCH.PAK\ARCH.EMC,
GEMCUT.PAK\GEMCUT.EMC,
GEMCUT.PAK\GEMCUT.EMC,אני יכול לנסר אותך החוצה?
GEMCUT.PAK\GEMCUT.EMC,"או-או, אולי אפשר לתקן את השיניים האלה."
GEMCUT.PAK\GEMCUT.EMC,היה שווה לנסות.
GEMCUT.PAK\GEMCUT.EMC,אני אתקן את זה.
GEMCUT.PAK\GEMCUT.EMC,סלעים.
GEMCUT.PAK\GEMCUT.EMC,כמה סלעים.
GEMCUT.PAK\GEMCUT.EMC,למה אני ממשיך לגעת בזה?
GEMCUT.PAK\GEMCUT.EMC,איך זה יעזור?
GEMCUT.PAK\GEMCUT.EMC,
GEMCUT.PAK\GEMCUT.EMC,
GEMCUT.PAK\GEMCUT.EMC,
GEMCUT.PAK\GEMCUT.EMC,ברנדון?
GEMCUT.PAK\GEMCUT.EMC,מה?
GEMCUT.PAK\GEMCUT.EMC,מי אמר את זה?
GEMCUT.PAK\GEMCUT.EMC,"האם אתה ברנדון, נכדו של חיליק?"
GEMCUT.PAK\GEMCUT.EMC,הנני.
GEMCUT.PAK\GEMCUT.EMC,מה אתה?
GEMCUT.PAK\GEMCUT.EMC,אנחנו מהממלכה האחרת.
GEMCUT.PAK\GEMCUT.EMC,אנחנו מדברים בשם הארץ.
GEMCUT.PAK\GEMCUT.EMC,למה שהארץ תרצה לדבר אתי?
GEMCUT.PAK\GEMCUT.EMC,"אנחנו גוססים, ברנדון."
GEMCUT.PAK\GEMCUT.EMC,לחשי קסם למטרות רוע הפרו את האיזון בטבע.
GEMCUT.PAK\GEMCUT.EMC,לא תוכלו להשתמש בקסם שלכם כדי להילחם ברוע?
GEMCUT.PAK\GEMCUT.EMC,הרוע קיים רק בממלכת בני האדם.
GEMCUT.PAK\GEMCUT.EMC,לארץ אין רוע...
GEMCUT.PAK\GEMCUT.EMC,"...ולפיכך, אין לה הגנה מפניו."
GEMCUT.PAK\GEMCUT.EMC,אבל-- מדוע זה קורה עכשיו?
GEMCUT.PAK\GEMCUT.EMC,"הקירגלית הקסומה, הסמל לאמון שבין הממלכות, הושחתה."
GEMCUT.PAK\GEMCUT.EMC,"כעת, אינה יכולה היא להגן עלינו עוד."
GEMCUT.PAK\GEMCUT.EMC,"עליך, ברנדון, להתנגד בשמנו."
GEMCUT.PAK\GEMCUT.EMC,מה!?
GEMCUT.PAK\GEMCUT.EMC,למה אני?
GEMCUT.PAK\GEMCUT.EMC,"נבחרת, נכדו של חיליק."
GEMCUT.PAK\GEMCUT.EMC,גורלך נקבע בטרם נולדת.
GEMCUT.PAK\GEMCUT.EMC,אבל אין לי מושג היכן להתחיל.
GEMCUT.PAK\GEMCUT.EMC,"תן לאמונתך להראות לך את הדרך, ברנדון."
GEMCUT.PAK\GEMCUT.EMC,התכונן למסע שלך.
GEMCUT.PAK\GEMCUT.EMC,חכה!
GEMCUT.PAK\GEMCUT.EMC,מה לגבי--
GEMCUT.PAK\GEMCUT.EMC,
GEMCUT.PAK\GEMCUT.EMC,מה קרה לסבא שלי?
GEMCUT.PAK\GEMCUT.EMC,יש כאן עוד משהו?
GEMCUT.PAK\GEMCUT.EMC,חשבתי שהסנדלים שלי בפנים.
GEMCUT.PAK\GEMCUT.EMC,תפוח!
GEMCUT.PAK\GEMCUT.EMC,שוב שלום.
GEMCUT.PAK\GEMCUT.EMC,זה נפל לאגרטל!
GEMCUT.PAK\GEMCUT.EMC,נדמה לי שכבר יש משהו בפנים.
GEMCUT.PAK\GEMCUT.EMC,העץ צודק.
GEMCUT.PAK\GEMCUT.EMC,הארץ באמת גוססת.
GEMCUT.PAK\GEMCUT.EMC,אני רואה מכאן המון עצים מתים.
GEMCUT.PAK\GEMCUT.EMC,"ברין, ברין!"
GEMCUT.PAK\GEMCUT.EMC,בואי מהר!
GEMCUT.PAK\GEMCUT.EMC,כנראה היא לא שומעת אותי.
GEMCUT.PAK\GEMCUT.EMC,אני אאלץ ללכת להביא אותה.
GEMCUT.PAK\GEMCUT.EMC,כדאי שאשכיב את סבא במיטה?
GEMCUT.PAK\GEMCUT.EMC,לא נראה לי שיש דרך להזיז אותו.
GEMCUT.PAK\GEMCUT.EMC,"לא אוכל לקחת את זה, הוא יזדקק לאור."
GEMCUT.PAK\GEMCUT.EMC,מועדון הקריאה המיסטי.
GEMCUT.PAK\GEMCUT.EMC,"אחלה כריכות, אבל חומר הקריאה מעפן."
GEMCUT.PAK\GEMCUT.EMC,המסור של סבא.
GEMCUT.PAK\GEMCUT.EMC,אני לא רוצה להיסחב עם זה!
GEMCUT.PAK\GEMCUT.EMC,לא חושב שהוא מסוגל ללעוס.
GEMCUT.PAK\GEMCUT.EMC,
GEMCUT.PAK\GEMCUT.EMC,"סבא, אתה שומע אותי?"
GEMCUT.PAK\GEMCUT.EMC,פתק.
GEMCUT.PAK\GEMCUT.EMC,יש כאן משהו?
GEMCUT.PAK\GEMCUT.EMC,הבית של ברנדון
GEMCUT.PAK\GEMCUT.EMC,סבא!
GEMCUT.PAK\GEMCUT.EMC,מה קרה לך?!?
GEMCUT.PAK\GEMCUT.EMC,אולי הקסם שלי יוכל לרפא את סבא...
GEMCUT.PAK\GEMCUT.EMC,מצטער סבא...
EXTSPEL.PAK\EXTSPEL.EMC,
EXTSPEL.PAK\EXTSPEL.EMC,
EXTSPEL.PAK\EXTSPEL.EMC,
EXTSPEL.PAK\EXTSPEL.EMC,
EXTSPEL.PAK\EXTSPEL.EMC,
EXTSPEL.PAK\EXTSPEL.EMC,
EXTSPEL.PAK\EXTSPEL.EMC,
EXTSPEL.PAK\EXTSPEL.EMC,
EXTSPEL.PAK\EXTSPEL.EMC,
EXTSPEL.PAK\EXTSPEL.EMC,
LEPHOLE.PAK\LEPHOLE.EMC,
LEPHOLE.PAK\LEPHOLE.EMC,
LEPHOLE.PAK\LEPHOLE.EMC,
LEPHOLE.PAK\LEPHOLE.EMC,
LEPHOLE.PAK\LEPHOLE.EMC,
LEPHOLE.PAK\LEPHOLE.EMC,
LEPHOLE.PAK\LEPHOLE.EMC,
LEPHOLE.PAK\LEPHOLE.EMC,
LEPHOLE.PAK\LEPHOLE.EMC,
LEPHOLE.PAK\LEPHOLE.EMC,
LEPHOLE.PAK\LEPHOLE.EMC,
LEPHOLE.PAK\LEPHOLE.EMC,
LEPHOLE.PAK\LEPHOLE.EMC,
LEPHOLE.PAK\LEPHOLE.EMC,
LEPHOLE.PAK\LEPHOLE.EMC,
LEPHOLE.PAK\LEPHOLE.EMC,
LEPHOLE.PAK\LEPHOLE.EMC,
LEPHOLE.PAK\LEPHOLE.EMC,
LEPHOLE.PAK\LEPHOLE.EMC,
LEPHOLE.PAK\LEPHOLE.EMC,
LEPHOLE.PAK\LEPHOLE.EMC,
LEPHOLE.PAK\LEPHOLE.EMC,
LEPHOLE.PAK\LEPHOLE.EMC,
LEPHOLE.PAK\LEPHOLE.EMC,
LEPHOLE.PAK\LEPHOLE.EMC,
LEPHOLE.PAK\LEPHOLE.EMC,
LEPHOLE.PAK\LEPHOLE.EMC,
LEPHOLE.PAK\LEPHOLE.EMC,
LEPHOLE.PAK\LEPHOLE.EMC,
LEPHOLE.PAK\LEPHOLE.EMC,
LEPHOLE.PAK\LEPHOLE.EMC,
LEPHOLE.PAK\LEPHOLE.EMC,
LEPHOLE.PAK\LEPHOLE.EMC,
LEPHOLE.PAK\LEPHOLE.EMC,
LEPHOLE.PAK\LEPHOLE.EMC,
LEPHOLE.PAK\LEPHOLE.EMC,
LEPHOLE.PAK\LEPHOLE.EMC,
LEPHOLE.PAK\LEPHOLE.EMC,
LEPHOLE.PAK\LEPHOLE.EMC,
LEPHOLE.PAK\LEPHOLE.EMC,
LEPHOLE.PAK\LEPHOLE.EMC,
LEPHOLE.PAK\LEPHOLE.EMC,
DNSTAIR.PAK\DNSTAIR.EMC,
DNSTAIR.PAK\DNSTAIR.EMC,
DNSTAIR.PAK\DNSTAIR.EMC,
DNSTAIR.PAK\DNSTAIR.EMC,
DNSTAIR.PAK\DNSTAIR.EMC,
DNSTAIR.PAK\DNSTAIR.EMC,
DNSTAIR.PAK\DNSTAIR.EMC,
DNSTAIR.PAK\DNSTAIR.EMC,
DNSTAIR.PAK\DNSTAIR.EMC,
DNSTAIR.PAK\DNSTAIR.EMC,
DNSTAIR.PAK\DNSTAIR.EMC,
DNSTAIR.PAK\DNSTAIR.EMC,
DNSTAIR.PAK\DNSTAIR.EMC,
DNSTAIR.PAK\DNSTAIR.EMC,
DNSTAIR.PAK\DNSTAIR.EMC,
DNSTAIR.PAK\DNSTAIR.EMC,
DNSTAIR.PAK\DNSTAIR.EMC,
DNSTAIR.PAK\DNSTAIR.EMC,
DNSTAIR.PAK\DNSTAIR.EMC,
DNSTAIR.PAK\DNSTAIR.EMC,
DNSTAIR.PAK\DNSTAIR.EMC,
DNSTAIR.PAK\DNSTAIR.EMC,
DNSTAIR.PAK\DNSTAIR.EMC,
DNSTAIR.PAK\DNSTAIR.EMC,
DNSTAIR.PAK\DNSTAIR.EMC,
DNSTAIR.PAK\DNSTAIR.EMC,
DNSTAIR.PAK\DNSTAIR.EMC,
DNSTAIR.PAK\DNSTAIR.EMC,
DNSTAIR.PAK\DNSTAIR.EMC,
DNSTAIR.PAK\DNSTAIR.EMC,
DNSTAIR.PAK\DNSTAIR.EMC,
DNSTAIR.PAK\DNSTAIR.EMC,
LAVA.PAK\LAVA.EMC,
LAVA.PAK\LAVA.EMC,
LAVA.PAK\LAVA.EMC,
LAVA.PAK\LAVA.EMC,
LAVA.PAK\LAVA.EMC,
LAVA.PAK\LAVA.EMC,
LAVA.PAK\LAVA.EMC,
LAVA.PAK\LAVA.EMC,
FORESTB.PAK\FORESTB.EMC,
FORESTB.PAK\FORESTB.EMC,
FORESTB.PAK\FORESTB.EMC,
FORESTB.PAK\FORESTB.EMC,
FORESTB.PAK\FORESTB.EMC,
FORESTB.PAK\FORESTB.EMC,
FORESTB.PAK\FORESTB.EMC,
FORESTB.PAK\FORESTB.EMC,
FORESTB.PAK\FORESTB.EMC,
FORESTB.PAK\FORESTB.EMC,
FORESTB.PAK\FORESTB.EMC,
FORESTB.PAK\FORESTB.EMC,
FORESTB.PAK\FORESTB.EMC,
FORESTB.PAK\FORESTB.EMC,
FORESTB.PAK\FORESTB.EMC,
FORESTB.PAK\FORESTB.EMC,
ALTAR.PAK\ALTAR.EMC,
ALTAR.PAK\ALTAR.EMC,
ALTAR.PAK\ALTAR.EMC,
ALTAR.PAK\ALTAR.EMC,
ALTAR.PAK\ALTAR.EMC,
ALTAR.PAK\ALTAR.EMC,
ALTAR.PAK\ALTAR.EMC,
ALTAR.PAK\ALTAR.EMC,
ALTAR.PAK\ALTAR.EMC,
ALTAR.PAK\ALTAR.EMC,
ALTAR.PAK\ALTAR.EMC,
ALTAR.PAK\ALTAR.EMC,
ALTAR.PAK\ALTAR.EMC,
ALTAR.PAK\ALTAR.EMC,
ALTAR.PAK\ALTAR.EMC,
ALTAR.PAK\ALTAR.EMC,
ALTAR.PAK\ALTAR.EMC,
ALTAR.PAK\ALTAR.EMC,
CATACOM.PAK\CATACOM.EMC,
CATACOM.PAK\CATACOM.EMC,
CATACOM.PAK\CATACOM.EMC,
CATACOM.PAK\CATACOM.EMC,
CATACOM.PAK\CATACOM.EMC,
CATACOM.PAK\CATACOM.EMC,
FSOUTH.PAK\FSOUTH.EMC,
FSOUTH.PAK\FSOUTH.EMC,
XEDGE.PAK\XEDGE.EMC,
XEDGE.PAK\XEDGE.EMC,
XEDGE.PAK\XEDGE.EMC,
XEDGE.PAK\XEDGE.EMC,
XEDGE.PAK\XEDGE.EMC,
XEDGE.PAK\XEDGE.EMC,
XEDGE.PAK\XEDGE.EMC,
XEDGE.PAK\XEDGE.EMC,
XEDGE.PAK\XEDGE.EMC,
XEDGE.PAK\XEDGE.EMC,
XEDGE.PAK\XEDGE.EMC,
BRINS.PAK\BRINS.EMC,
BRINS.PAK\BRINS.EMC,
BRINS.PAK\BRINS.EMC,
BRINS.PAK\BRINS.EMC,
BRINS.PAK\BRINS.EMC,
BRINS.PAK\BRINS.EMC,
BRINS.PAK\BRINS.EMC,
BRINS.PAK\BRINS.EMC,
KITCHEN.PAK\KITCHEN.EMC,
KITCHEN.PAK\KITCHEN.EMC,
KITCHEN.PAK\KITCHEN.EMC,
KITCHEN.PAK\KITCHEN.EMC,
KITCHEN.PAK\KITCHEN.EMC,
KITCHEN.PAK\KITCHEN.EMC,
KITCHEN.PAK\KITCHEN.EMC,
KITCHEN.PAK\KITCHEN.EMC,
BALCONY.PAK\BALCONY.EMC,
BALCONY.PAK\BALCONY.EMC,
BALCONY.PAK\BALCONY.EMC,
BALCONY.PAK\BALCONY.EMC,
BALCONY.PAK\BALCONY.EMC,
GLADE.PAK\GLADE.EMC,
GLADE.PAK\GLADE.EMC,
GLADE.PAK\GLADE.EMC,
GLADE.PAK\GLADE.EMC,
GLADE.PAK\GLADE.EMC,
GLADE.PAK\GLADE.EMC,
GLADE.PAK\GLADE.EMC,
GLADE.PAK\GLADE.EMC,
LAGOON.PAK\LAGOON.EMC,
LAGOON.PAK\LAGOON.EMC,
LAGOON.PAK\LAGOON.EMC,
LAGOON.PAK\LAGOON.EMC,
LAGOON.PAK\LAGOON.EMC,
LAGOON.PAK\LAGOON.EMC,
LAGOON.PAK\LAGOON.EMC,
LAGOON.PAK\LAGOON.EMC,
STUMP.PAK\STUMP.EMC,
STUMP.PAK\STUMP.EMC,
STUMP.PAK\STUMP.EMC,
STUMP.PAK\STUMP.EMC,
STUMP.PAK\STUMP.EMC,
STUMP.PAK\STUMP.EMC,
STUMP.PAK\STUMP.EMC,
TRUNK.PAK\TRUNK.EMC,
TRUNK.PAK\TRUNK.EMC,
TRUNK.PAK\TRUNK.EMC,מתחת לביתו של ברנדון
TRUNK.PAK\TRUNK.EMC,
TRUNK.PAK\TRUNK.EMC,
CASTLE.PAK\CASTLE.EMC,
CASTLE.PAK\CASTLE.EMC,
CASTLE.PAK\CASTLE.EMC,
BURN.PAK\BURN.EMC,
BURN.PAK\BURN.EMC,
BURN.PAK\BURN.EMC,
BURN.PAK\BURN.EMC,
BURN.PAK\BURN.EMC,
BURN.PAK\BURN.EMC,
BURN.PAK\BURN.EMC,
BURN.PAK\BURN.EMC,
BURN.PAK\BURN.EMC,
CAVEB.PAK\CAVEB.EMC,
CAVEB.PAK\CAVEB.EMC,
CAVEB.PAK\CAVEB.EMC,
CAVEB.PAK\CAVEB.EMC,
CAVEB.PAK\CAVEB.EMC,
CAVEB.PAK\CAVEB.EMC,
FALLS.PAK\FALLS.EMC,
FALLS.PAK\FALLS.EMC,
LANDING.PAK\LANDING.EMC,
LANDING.PAK\LANDING.EMC,
LANDING.PAK\LANDING.EMC,
LANDING.PAK\LANDING.EMC,
LANDING.PAK\LANDING.EMC,
MOONCAV.PAK\MOONCAV.EMC,
MOONCAV.PAK\MOONCAV.EMC,
MOONCAV.PAK\MOONCAV.EMC,
MOONCAV.PAK\MOONCAV.EMC,
MOONCAV.PAK\MOONCAV.EMC,
MOONCAV.PAK\MOONCAV.EMC,
MOONCAV.PAK\MOONCAV.EMC,
MOONCAV.PAK\MOONCAV.EMC,
MOONCAV.PAK\MOONCAV.EMC,
MOONCAV.PAK\MOONCAV.EMC,
MOONCAV.PAK\MOONCAV.EMC,
MOONCAV.PAK\MOONCAV.EMC,
MOONCAV.PAK\MOONCAV.EMC,
MOONCAV.PAK\MOONCAV.EMC,
MOONCAV.PAK\MOONCAV.EMC,
MOONCAV.PAK\MOONCAV.EMC,
MOONCAV.PAK\MOONCAV.EMC,
MOONCAV.PAK\MOONCAV.EMC,
MOONCAV.PAK\MOONCAV.EMC,
MOONCAV.PAK\MOONCAV.EMC,
MOONCAV.PAK\MOONCAV.EMC,
MOONCAV.PAK\MOONCAV.EMC,
MOONCAV.PAK\MOONCAV.EMC,
MOONCAV.PAK\MOONCAV.EMC,
MOONCAV.PAK\MOONCAV.EMC,
MOONCAV.PAK\MOONCAV.EMC,
MOONCAV.PAK\MOONCAV.EMC,
MOONCAV.PAK\MOONCAV.EMC,
MOONCAV.PAK\MOONCAV.EMC,
MOONCAV.PAK\MOONCAV.EMC,
MOONCAV.PAK\MOONCAV.EMC,
MOONCAV.PAK\MOONCAV.EMC,
MOONCAV.PAK\MOONCAV.EMC,
MOONCAV.PAK\MOONCAV.EMC,
MOONCAV.PAK\MOONCAV.EMC,
MOONCAV.PAK\MOONCAV.EMC,
MOONCAV.PAK\MOONCAV.EMC,
MOONCAV.PAK\MOONCAV.EMC,
MOONCAV.PAK\MOONCAV.EMC,
MOONCAV.PAK\MOONCAV.EMC,
MOONCAV.PAK\MOONCAV.EMC,
MOONCAV.PAK\MOONCAV.EMC,
MOONCAV.PAK\MOONCAV.EMC,
EMCAV.PAK\EMCAV.EMC,
EMCAV.PAK\EMCAV.EMC,
EMCAV.PAK\EMCAV.EMC,
GENCAVB.PAK\GENCAVB.EMC,
GENCAVB.PAK\GENCAVB.EMC,
GENCAVB.PAK\GENCAVB.EMC,
GENCAVB.PAK\GENCAVB.EMC,
GENCAVB.PAK\GENCAVB.EMC,
GENCAVB.PAK\GENCAVB.EMC,
GENCAVB.PAK\GENCAVB.EMC,
GENCAVB.PAK\GENCAVB.EMC,
GENCAVB.PAK\GENCAVB.EMC,
WELL.PAK\WELL.EMC,
WELL.PAK\WELL.EMC,
WELL.PAK\WELL.EMC,
WELL.PAK\WELL.EMC,
WELL.PAK\WELL.EMC,
WELL.PAK\WELL.EMC,
WELL.PAK\WELL.EMC,
WELL.PAK\WELL.EMC,
WELL.PAK\WELL.EMC,
WELL.PAK\WELL.EMC,
WELL.PAK\WELL.EMC,
WELL.PAK\WELL.EMC,
FESTSTH.PAK\FESTSTH.EMC,
FESTSTH.PAK\FESTSTH.EMC,
GATECV.PAK\GATECV.EMC,
GATECV.PAK\GATECV.EMC,
GATECV.PAK\GATECV.EMC,
GATECV.PAK\GATECV.EMC,
GATECV.PAK\GATECV.EMC,
GATECV.PAK\GATECV.EMC,
GATECV.PAK\GATECV.EMC,
GATECV.PAK\GATECV.EMC,
GATECV.PAK\GATECV.EMC,
GATECV.PAK\GATECV.EMC,
GATECV.PAK\GATECV.EMC,
GATECV.PAK\GATECV.EMC,
GATECV.PAK\GATECV.EMC,
GATECV.PAK\GATECV.EMC,
GATECV.PAK\GATECV.EMC,
GATECV.PAK\GATECV.EMC,
GATECV.PAK\GATECV.EMC,
GATECV.PAK\GATECV.EMC,
GATECV.PAK\GATECV.EMC,
GATECV.PAK\GATECV.EMC,
GATECV.PAK\GATECV.EMC,
GATECV.PAK\GATECV.EMC,
HEALER.PAK\HEALER.EMC,
HEALER.PAK\HEALER.EMC,
HEALER.PAK\HEALER.EMC,מצאתי את הפתק הזה על שולחנו.
HEALER.PAK\HEALER.EMC,השם שלך כתוב עליו...
HEALER.PAK\HEALER.EMC,...אבל השאר ריק!
HEALER.PAK\HEALER.EMC,אפשר להביט בו?
HEALER.PAK\HEALER.EMC,"ברין, סבא נפגע!"
HEALER.PAK\HEALER.EMC,"מה קרה, ברנדון?"
HEALER.PAK\HEALER.EMC,הוא הפך לאבן!
HEALER.PAK\HEALER.EMC,אני לא יודע מה קרה!
HEALER.PAK\HEALER.EMC,ייתכן שיש בביתך רמז כלשהו.
HEALER.PAK\HEALER.EMC,זו הודעה מכושפת.
HEALER.PAK\HEALER.EMC,אסיר את הלחש.
HEALER.PAK\HEALER.EMC,"ברנדון, כדאי שתקרא את זה"
HEALER.PAK\HEALER.EMC,
HEALER.PAK\HEALER.EMC,
HEALER.PAK\HEALER.EMC,
HEALER.PAK\HEALER.EMC,
HEALER.PAK\HEALER.EMC,
HEALER.PAK\HEALER.EMC,
HEALER.PAK\HEALER.EMC,
HEALER.PAK\HEALER.EMC,
HEALER.PAK\HEALER.EMC,
HEALER.PAK\HEALER.EMC,
HEALER.PAK\HEALER.EMC,
HEALER.PAK\HEALER.EMC,
HEALER.PAK\HEALER.EMC,
HEALER.PAK\HEALER.EMC,
HEALER.PAK\HEALER.EMC,
HEALER.PAK\HEALER.EMC,"הזדרז, ברנדון."
HEALER.PAK\HEALER.EMC,
HEALER.PAK\HEALER.EMC,
HEALER.PAK\HEALER.EMC,"טוב מאוד, ברנדון."
HEALER.PAK\HEALER.EMC,
HEALER.PAK\HEALER.EMC,
HEALER.PAK\HEALER.EMC,
HEALER.PAK\HEALER.EMC,וואו!
HEALER.PAK\HEALER.EMC,
HEALER.PAK\HEALER.EMC,
HEALER.PAK\HEALER.EMC,
HEALER.PAK\HEALER.EMC,
HEALER.PAK\HEALER.EMC,הוא עשוי לסייע לך.
HEALER.PAK\HEALER.EMC,בהצלחה ברנדון...
HEALER.PAK\HEALER.EMC,...היה זהיר.
HEALER.PAK\HEALER.EMC,
HEALER.PAK\HEALER.EMC,"הראה לי את הפתק בבקשה, ברנדון."
HEALER.PAK\HEALER.EMC,זה לא מה שחיפשנו.
HEALER.PAK\HEALER.EMC,אולי יש שם רמז מוצלח יותר.
HEALER.PAK\HEALER.EMC,"האם מצאת את הרמז, ברנדון?"
HEALER.PAK\HEALER.EMC,ברנדון...
HEALER.PAK\HEALER.EMC,
HEALER.PAK\HEALER.EMC,
HEALER.PAK\HEALER.EMC,מחול המיסטיקנים
HEALER.PAK\HEALER.EMC,הגביע הקירנדיאני המלכותי
HEALER.PAK\HEALER.EMC,הקיר-סיר העתיק
HEALER.PAK\HEALER.EMC,הקטורת הזו היא בודאי הסיבה שלברין יש תמיד ריח נעים כל כך.
HEALER.PAK\HEALER.EMC,"אופס, מצטער..."
HEALER.PAK\HEALER.EMC,חשבתי שזו מרקקה.
HEALER.PAK\HEALER.EMC,
HEALER.PAK\HEALER.EMC,"בחיי, הרצפה הזו בהחלט חלקה."
HEALER.PAK\HEALER.EMC,בתוך המקדש
HEALER.PAK\HEALER.EMC,
HEALER.PAK\HEALER.EMC,
HEALER.PAK\HEALER.EMC,
HEALER.PAK\HEALER.EMC,"ברכות, ברנדון."
HEALER.PAK\HEALER.EMC,
HEALER.PAK\HEALER.EMC,"היי, ברין!"
HEALER.PAK\HEALER.EMC,
HEALER.PAK\HEALER.EMC,
HEALER.PAK\HEALER.EMC,
ALCHEMY.PAK\ALCHEMY.EMC,
ALCHEMY.PAK\ALCHEMY.EMC,
ALCHEMY.PAK\ALCHEMY.EMC,
ALCHEMY.PAK\ALCHEMY.EMC,
ALCHEMY.PAK\ALCHEMY.EMC,חדר שינה
BRIDGE.PAK\BRIDGE.EMC,
BRIDGE.PAK\BRIDGE.EMC,
BRIDGE.PAK\BRIDGE.EMC,
BRIDGE.PAK\BRIDGE.EMC,
BRIDGE.PAK\BRIDGE.EMC,
BRIDGE.PAK\BRIDGE.EMC,
BRIDGE.PAK\BRIDGE.EMC,
BRIDGE.PAK\BRIDGE.EMC,
BRIDGE.PAK\BRIDGE.EMC,
BRIDGE.PAK\BRIDGE.EMC,
BRIDGE.PAK\BRIDGE.EMC,
BRIDGE.PAK\BRIDGE.EMC,
OAKS.PAK\OAKS.EMC,
OAKS.PAK\OAKS.EMC,
OAKS.PAK\OAKS.EMC,
FWSTSTH.PAK\FWSTSTH.EMC,
FWSTSTH.PAK\FWSTSTH.EMC,
ALGAE.PAK\ALGAE.EMC,
ALGAE.PAK\ALGAE.EMC,
ALGAE.PAK\ALGAE.EMC,
ALGAE.PAK\ALGAE.EMC,
SQUARE.PAK\SQUARE.EMC,
SQUARE.PAK\SQUARE.EMC,
SQUARE.PAK\SQUARE.EMC,
SQUARE.PAK\SQUARE.EMC,
SQUARE.PAK\SQUARE.EMC,
CGATE.PAK\CGATE.EMC,
CGATE.PAK\CGATE.EMC,
CGATE.PAK\CGATE.EMC,
CGATE.PAK\CGATE.EMC,
CGATE.PAK\CGATE.EMC,
CGATE.PAK\CGATE.EMC,
CGATE.PAK\CGATE.EMC,
CGATE.PAK\CGATE.EMC,
CGATE.PAK\CGATE.EMC,
CGATE.PAK\CGATE.EMC,
CGATE.PAK\CGATE.EMC,
STARTUP.PAK\_NPC.EMC,
STARTUP.PAK\_NPC.EMC,בואו ננסה.
STARTUP.PAK\_NPC.EMC,הנה זה בא...
STARTUP.PAK\_NPC.EMC,אני מרגיש מוזר במקצת...
STARTUP.PAK\_NPC.EMC,
STARTUP.PAK\_NPC.EMC,
STARTUP.PAK\_NPC.EMC,"הממ? ריק, אבל השם של ברין כתוב עליו!"
STARTUP.PAK\_NPC.EMC,מוטב שאלך למקדש.
STARTUP.PAK\_NPC.EMC,ברין תדע מה לעשות!
STARTUP.PAK\_NPC.EMC,
STARTUP.PAK\_NPC.EMC,מריח כמו שושנה.
STARTUP.PAK\_NPC.EMC,טעים!  חטיף קטן זה נחמד.
STARTUP.PAK\_NPC.EMC,איכס!  סושי מימי הביניים.
STARTUP.PAK\_NPC.EMC,טעם של מספוא...
STARTUP.PAK\_NPC.EMC,...אבל כמו שאני אוהב!
STARTUP.PAK\_NPC.EMC,-לגימה-
STARTUP.PAK\_NPC.EMC,אחחח...
STARTUP.PAK\_NPC.EMC,*שיעול*
STARTUP.PAK\_NPC.EMC,*שיעול*
STARTUP.PAK\_NPC.EMC,איכס! אלו מי מלח!
STARTUP.PAK\_NPC.EMC,אוו.  זה מדגדג.
STARTUP.PAK\_NPC.EMC,"היי, אחת מאבני החן על הקמע שלי כחולה פתאום!"
STARTUP.PAK\_NPC.EMC,*שיהוק*
STARTUP.PAK\_NPC.EMC,*שיהוק*
STARTUP.PAK\_NPC.EMC,*שיהוק*
STARTUP.PAK\_NPC.EMC,
STARTUP.PAK\_NPC.EMC,איככ! טעם של לכה!
STARTUP.PAK\_NPC.EMC,הו לא!
STARTUP.PAK\_NPC.EMC,לא שוב!
STARTUP.PAK\_NPC.EMC,
STARTUP.PAK\_NPC.EMC,זמן לביקור קצר.
STARTUP.PAK\_NPC.EMC,
STARTUP.PAK\_NPC.EMC,
STARTUP.PAK\_NPC.EMC,"היי, זה היה כיף!"
STARTUP.PAK\_NPC.EMC,או!
STARTUP.PAK\_NPC.EMC,מטבע הזהב הזה עצום!
STARTUP.PAK\_NPC.EMC,
STARTUP.PAK\_NPC.EMC,
STARTUP.PAK\_NPC.EMC,
STARTUP.PAK\_NPC.EMC,
STARTUP.PAK\_NPC.EMC,
STARTUP.PAK\_NPC.EMC,אדיר!
STARTUP.PAK\_NPC.EMC,
STARTUP.PAK\_NPC.EMC,
STARTUP.PAK\_NPC.EMC,
STARTUP.PAK\_NPC.EMC,
STARTUP.PAK\_NPC.EMC,
STARTUP.PAK\_NPC.EMC,
STARTUP.PAK\_NPC.EMC,זה עבד!
STARTUP.PAK\_NPC.EMC,
STARTUP.PAK\_NPC.EMC,בררר!
STARTUP.PAK\_NPC.EMC,
STARTUP.PAK\_NPC.EMC,
STARTUP.PAK\_NPC.EMC,נופך גדול שכזה בודאי בעל ערך רב.
STARTUP.PAK\_NPC.EMC,אוווו!  ניצוצות סגולים!
STARTUP.PAK\_NPC.EMC,
STARTUP.PAK\_NPC.EMC,
STARTUP.PAK\_NPC.EMC,
STARTUP.PAK\_NPC.EMC,
STARTUP.PAK\_NPC.EMC,
STARTUP.PAK\_NPC.EMC,
STARTUP.PAK\_NPC.EMC,
STARTUP.PAK\_NPC.EMC,
STARTUP.PAK\_NPC.EMC,
STARTUP.PAK\_NPC.EMC,
STARTUP.PAK\_NPC.EMC,
STARTUP.PAK\_NPC.EMC,
STARTUP.PAK\_NPC.EMC,
STARTUP.PAK\_NPC.EMC,
STARTUP.PAK\_NPC.EMC,
STARTUP.PAK\_NPC.EMC,
STARTUP.PAK\_NPC.EMC,
STARTUP.PAK\_NPC.EMC,
STARTUP.PAK\_NPC.EMC,
STARTUP.PAK\_NPC.EMC,
STARTUP.PAK\_NPC.EMC,
STARTUP.PAK\_NPC.EMC,
STARTUP.PAK\_NPC.EMC,
STARTUP.PAK\_NPC.EMC,
STARTUP.PAK\_NPC.EMC,
STARTUP.PAK\_NPC.EMC,
STARTUP.PAK\_NPC.EMC,
STARTUP.PAK\_NPC.EMC,
STARTUP.PAK\_NPC.EMC,
STARTUP.PAK\_NPC.EMC,
STARTUP.PAK\_NPC.EMC,
STARTUP.PAK\_NPC.EMC,
STARTUP.PAK\_NPC.EMC,
STARTUP.PAK\_NPC.EMC,
STARTUP.PAK\_NPC.EMC,
STARTUP.PAK\_NPC.EMC,
STARTUP.PAK\_NPC.EMC,
STARTUP.PAK\_NPC.EMC,
STARTUP.PAK\_NPC.EMC,
STARTUP.PAK\_NPC.EMC,
STARTUP.PAK\_NPC.EMC,
STARTUP.PAK\_NPC.EMC,
STARTUP.PAK\_NPC.EMC,
STARTUP.PAK\_NPC.EMC,
STARTUP.PAK\_NPC.EMC,אני מרגיש לגמרי חסר משקל.
STARTUP.PAK\_NPC.EMC,מדוע אני זה שחייב לעשות הכל?
STARTUP.PAK\_NPC.EMC,הלוואי שהיה לי איזה סוס לרכוב עליו.
STARTUP.PAK\_NPC.EMC,אני לא מאמין שנתנו לזה לקרות!
STARTUP.PAK\_NPC.EMC,
STARTUP.PAK\_NPC.EMC,
STARTUP.PAK\_NPC.EMC,
STARTUP.PAK\_NPC.EMC,
STARTUP.PAK\_NPC.EMC,
STARTUP.PAK\_NPC.EMC,
STARTUP.PAK\_NPC.EMC,
STARTUP.PAK\_NPC.EMC,
STARTUP.PAK\_NPC.EMC,
STARTUP.PAK\_NPC.EMC,
STARTUP.PAK\_NPC.EMC,
FOYER.PAK\FOYER.EMC,
FOYER.PAK\FOYER.EMC,
FOYER.PAK\FOYER.EMC,
FOYER.PAK\FOYER.EMC,
FOYER.PAK\FOYER.EMC,
FOYER.PAK\FOYER.EMC,
FOYER.PAK\FOYER.EMC,
FOYER.PAK\FOYER.EMC,
FOYER.PAK\FOYER.EMC,
FOYER.PAK\FOYER.EMC,
FOYER.PAK\FOYER.EMC,
FOYER.PAK\FOYER.EMC,
FOYER.PAK\FOYER.EMC,
FOYER.PAK\FOYER.EMC,
FOYER.PAK\FOYER.EMC,
FOYER.PAK\FOYER.EMC,
FOYER.PAK\FOYER.EMC,
FOYER.PAK\FOYER.EMC,
FOYER.PAK\FOYER.EMC,
FOYER.PAK\FOYER.EMC,
FOYER.PAK\FOYER.EMC,
FOYER.PAK\FOYER.EMC,
FOYER.PAK\FOYER.EMC,
FOYER.PAK\FOYER.EMC,
FOYER.PAK\FOYER.EMC,
FOYER.PAK\FOYER.EMC,
FOYER.PAK\FOYER.EMC,
FOYER.PAK\FOYER.EMC,
FOYER.PAK\FOYER.EMC,
FOYER.PAK\FOYER.EMC,
FOYER.PAK\FOYER.EMC,
EDGE.PAK\EDGE.EMC,
EDGE.PAK\EDGE.EMC,
MIX.PAK\MIX.EMC,
MIX.PAK\MIX.EMC,
MIX.PAK\MIX.EMC,
MIX.PAK\MIX.EMC,
MIX.PAK\MIX.EMC,
MIX.PAK\MIX.EMC,
MIX.PAK\MIX.EMC,
MIX.PAK\MIX.EMC,
MIX.PAK\MIX.EMC,
MIX.PAK\MIX.EMC,
MIX.PAK\MIX.EMC,
MIX.PAK\MIX.EMC,
MIX.PAK\MIX.EMC,
BELROOM.PAK\BELROOM.EMC,
BELROOM.PAK\BELROOM.EMC,
BELROOM.PAK\BELROOM.EMC,
BELROOM.PAK\BELROOM.EMC,
BELROOM.PAK\BELROOM.EMC,
BELROOM.PAK\BELROOM.EMC,
BELROOM.PAK\BELROOM.EMC,
BELROOM.PAK\BELROOM.EMC,
BELROOM.PAK\BELROOM.EMC,
BELROOM.PAK\BELROOM.EMC,
BELROOM.PAK\BELROOM.EMC,
BELROOM.PAK\BELROOM.EMC,
BELROOM.PAK\BELROOM.EMC,
BELROOM.PAK\BELROOM.EMC,
BELROOM.PAK\BELROOM.EMC,
BELROOM.PAK\BELROOM.EMC,
BELROOM.PAK\BELROOM.EMC,
BELROOM.PAK\BELROOM.EMC,
BELROOM.PAK\BELROOM.EMC,
BELROOM.PAK\BELROOM.EMC,
RUBY.PAK\RUBY.EMC,
RUBY.PAK\RUBY.EMC,
RUBY.PAK\RUBY.EMC,
RUBY.PAK\RUBY.EMC,
RUBY.PAK\RUBY.EMC,
RUBY.PAK\RUBY.EMC,
RUBY.PAK\RUBY.EMC,
RUBY.PAK\RUBY.EMC,
RUBY.PAK\RUBY.EMC,
LIBRARY.PAK\LIBRARY.EMC,
LIBRARY.PAK\LIBRARY.EMC,
LIBRARY.PAK\LIBRARY.EMC,
LIBRARY.PAK\LIBRARY.EMC,
LIBRARY.PAK\LIBRARY.EMC,
LIBRARY.PAK\LIBRARY.EMC,
LIBRARY.PAK\LIBRARY.EMC,
LIBRARY.PAK\LIBRARY.EMC,
LIBRARY.PAK\LIBRARY.EMC,
LIBRARY.PAK\LIBRARY.EMC,
LIBRARY.PAK\LIBRARY.EMC,
LIBRARY.PAK\LIBRARY.EMC,
LIBRARY.PAK\LIBRARY.EMC,
LIBRARY.PAK\LIBRARY.EMC,
LIBRARY.PAK\LIBRARY.EMC,
LIBRARY.PAK\LIBRARY.EMC,
LIBRARY.PAK\LIBRARY.EMC,
LIBRARY.PAK\LIBRARY.EMC,
BONKBG.PAK\BONKBG.EMC,
BONKBG.PAK\BONKBG.EMC,
BONKBG.PAK\BONKBG.EMC,
BONKBG.PAK\BONKBG.EMC,
BONKBG.PAK\BONKBG.EMC,
BONKBG.PAK\BONKBG.EMC,
GRAVE.PAK\GRAVE.EMC,
GRAVE.PAK\GRAVE.EMC,
GRAVE.PAK\GRAVE.EMC,
GRAVE.PAK\GRAVE.EMC,
GRAVE.PAK\GRAVE.EMC,
GRAVE.PAK\GRAVE.EMC,
GRAVE.PAK\GRAVE.EMC,
GRAVE.PAK\GRAVE.EMC,
GRAVE.PAK\GRAVE.EMC,
GRAVE.PAK\GRAVE.EMC,
GRAVE.PAK\GRAVE.EMC,
GRAVE.PAK\GRAVE.EMC,
GRAVE.PAK\GRAVE.EMC,
GRAVE.PAK\GRAVE.EMC,
GRAVE.PAK\GRAVE.EMC,
GRAVE.PAK\GRAVE.EMC,
GRAVE.PAK\GRAVE.EMC,
GRAVE.PAK\GRAVE.EMC,
GRAVE.PAK\GRAVE.EMC,
GRAVE.PAK\GRAVE.EMC,
GRAVE.PAK\GRAVE.EMC,
GRAVE.PAK\GRAVE.EMC,
GRAVE.PAK\GRAVE.EMC,
GRAVE.PAK\GRAVE.EMC,
GRAVE.PAK\GRAVE.EMC,
GRAVE.PAK\GRAVE.EMC,
GRAVE.PAK\GRAVE.EMC,
GRTHALL.PAK\GRTHALL.EMC,
GRTHALL.PAK\GRTHALL.EMC,
GRTHALL.PAK\GRTHALL.EMC,
GRTHALL.PAK\GRTHALL.EMC,
GRTHALL.PAK\GRTHALL.EMC,
GRTHALL.PAK\GRTHALL.EMC,
SORROW.PAK\SORROW.EMC,
SORROW.PAK\SORROW.EMC,
SORROW.PAK\SORROW.EMC,
SORROW.PAK\SORROW.EMC,
SORROW.PAK\SORROW.EMC,
SORROW.PAK\SORROW.EMC,
SORROW.PAK\SORROW.EMC,
SORROW.PAK\SORROW.EMC,
SORROW.PAK\SORROW.EMC,
SORROW.PAK\SORROW.EMC,
SORROW.PAK\SORROW.EMC,
SORROW.PAK\SORROW.EMC,
FSOUTHB.PAK\FSOUTHB.EMC,
FSOUTHB.PAK\FSOUTHB.EMC,
CHASM.PAK\CHASM.EMC,
CHASM.PAK\CHASM.EMC,
CHASM.PAK\CHASM.EMC,
CHASM.PAK\CHASM.EMC,
DEAD.PAK\DEAD.EMC,
DEAD.PAK\DEAD.EMC,
DEAD.PAK\DEAD.EMC,
DEAD.PAK\DEAD.EMC,
DEAD.PAK\DEAD.EMC,
DEAD.PAK\DEAD.EMC,
DEAD.PAK\DEAD.EMC,
DEAD.PAK\DEAD.EMC,
DEAD.PAK\DEAD.EMC,
DEAD.PAK\DEAD.EMC,
DEAD.PAK\DEAD.EMC,
DEAD.PAK\DEAD.EMC,
DEAD.PAK\DEAD.EMC,
DEAD.PAK\DEAD.EMC,
DEAD.PAK\DEAD.EMC,
DEAD.PAK\DEAD.EMC,
DEAD.PAK\DEAD.EMC,
DEAD.PAK\DEAD.EMC,
DEAD.PAK\DEAD.EMC,
DEAD.PAK\DEAD.EMC,
DEAD.PAK\DEAD.EMC,
DEAD.PAK\DEAD.EMC,
DEAD.PAK\DEAD.EMC,
DEAD.PAK\DEAD.EMC,
DEAD.PAK\DEAD.EMC,
DEAD.PAK\DEAD.EMC,
DEAD.PAK\DEAD.EMC,
DEAD.PAK\DEAD.EMC,
DEAD.PAK\DEAD.EMC,
DEAD.PAK\DEAD.EMC,
DEAD.PAK\DEAD.EMC,
DEAD.PAK\DEAD.EMC,
DEAD.PAK\DEAD.EMC,
DEAD.PAK\DEAD.EMC,
DEAD.PAK\DEAD.EMC,
DEAD.PAK\DEAD.EMC,
DEAD.PAK\DEAD.EMC,
DEAD.PAK\DEAD.EMC,
DEAD.PAK\DEAD.EMC,
DEAD.PAK\DEAD.EMC,
DEAD.PAK\DEAD.EMC,
DEAD.PAK\DEAD.EMC,
DEAD.PAK\DEAD.EMC,
DEAD.PAK\DEAD.EMC,
DEAD.PAK\DEAD.EMC,
DEAD.PAK\DEAD.EMC,
DEAD.PAK\DEAD.EMC,
DEAD.PAK\DEAD.EMC,
DEAD.PAK\DEAD.EMC,
DEAD.PAK\DEAD.EMC,
DEAD.PAK\DEAD.EMC,
DEAD.PAK\DEAD.EMC,
DEAD.PAK\DEAD.EMC,
DEAD.PAK\DEAD.EMC,
DEAD.PAK\DEAD.EMC,
STARTUP.PAK\_STARTUP.EMC,
UPSTAIR.PAK\UPSTAIR.EMC,
UPSTAIR.PAK\UPSTAIR.EMC,
UPSTAIR.PAK\UPSTAIR.EMC,
ENTER.PAK\ENTER.EMC,
ENTER.PAK\ENTER.EMC,
ZROCK.PAK\ZROCK.EMC,
ZROCK.PAK\ZROCK.EMC,
ZROCK.PAK\ZROCK.EMC,
ZROCK.PAK\ZROCK.EMC,
EDGEB.PAK\EDGEB.EMC,
EDGEB.PAK\EDGEB.EMC,
FORESTA.PAK\FORESTA.EMC,
FORESTA.PAK\FORESTA.EMC,
FORESTA.PAK\FORESTA.EMC,
FORESTA.PAK\FORESTA.EMC,
FORESTA.PAK\FORESTA.EMC,
FORESTA.PAK\FORESTA.EMC,
FORESTA.PAK\FORESTA.EMC,
FORESTA.PAK\FORESTA.EMC,
FORESTA.PAK\FORESTA.EMC,
FORESTA.PAK\FORESTA.EMC,
FORESTA.PAK\FORESTA.EMC,
FORESTA.PAK\FORESTA.EMC,
FORESTA.PAK\FORESTA.EMC,
FORESTA.PAK\FORESTA.EMC,
FORESTA.PAK\FORESTA.EMC,
FORESTA.PAK\FORESTA.EMC,
FORESTA.PAK\FORESTA.EMC,
GEN_CAV.PAK\GEN_CAV.EMC,
GEN_CAV.PAK\GEN_CAV.EMC,
GEN_CAV.PAK\GEN_CAV.EMC,
GEN_CAV.PAK\GEN_CAV.EMC,
GEN_CAV.PAK\GEN_CAV.EMC,
GEN_CAV.PAK\GEN_CAV.EMC,
GEN_CAV.PAK\GEN_CAV.EMC,
GEN_CAV.PAK\GEN_CAV.EMC,
GEN_CAV.PAK\GEN_CAV.EMC,
XEDGEB.PAK\XEDGEB.EMC,
XEDGEB.PAK\XEDGEB.EMC,
CAVE.PAK\CAVE.EMC,
CAVE.PAK\CAVE.EMC,